1,rs1000113,5q33.1,IRGM,C,5
2,rs10010131,4p16.1,WFS1,A,4
3,rs10012946,4p16.1,WFS1,T,3
4,rs10033464,4q25,PITX2,G,5
5,rs10045431,5q33.3,IL12B,A,5
6,rs1004819,1p31.3,IL23R,G,4
7,rs10086908,8q24,,C,4
8,rs10207654,2q31,,G,5
9,rs10210302,2q37.1,ATG16L1,C,5
10,rs10244051,7p21.2,DGKB,G,5
11,rs1026732,15q23,MAP2k5,A,4
12,rs1045485,2q33.1,CASP8,C,4
13,rs10484554,6p21.33,HLA-C,C,3
14,rs10486567,7p15.2,JAZF1,A,4
15,rs10488631,7q32.1,IRF5,T,4
16,rs10490924,10q26.13,ARMS2,G,3
17,rs10499194,6q23.3,TNFAIP3,T,4
18,rs10505483,8q24,,C,4
19,rs10509540,10q23.31,C10orf59,C,0
20,rs10516487,4q24,BANK1,A,4
21,rs10517086,4p15.2,,G,5
22,rs1051730,15q25.1,CHRNA3,G,4
23,rs1061147,1q31.3,CFH,C,2
24,rs1061170,1q31.3,CFH,,4
25,rs10757278,9p21.3,CDKN2A,A,5
26,rs10758669,9p24.1,JAK2,A,5
27,rs10761659,10q21.2,ZNF365,A,4
28,rs1078967,15,,,4
29,rs10795668,10p14,,G,5
30,rs10811661,9p21.3,CDKN2A/B,C,3
31,rs10830963,11q21,MTNR1B,,5
32,rs10883365,10q24.2,NKX2-3,A,4
33,rs10889677,1p31.3,IL23R,C,4
34,rs10896449,11q13.2,,A,5
35,rs10913469,1q25.2,SEC16B,T,5
36,rs10923931,1p12,NOTCH2,,5
37,rs10934853,3q21.3,,C,5
38,rs10954213,7q32.1,IRF5.2,G,4
39,rs10993994,10q11.23,MSMB,C,4
40,rs1111875,10q23.33,HHEX,T,4
41,rs11136000,8p21.1,CLU,T,5
42,rs11175593,12q12,LRRK2,C,5
43,rs11190140,10q24.2,NKX2-3,C,4
44,rs11203366,1p36.13,PADI4,A,3
45,rs11209026,1p31.3,IL23R,A,3
46,rs11249433,1p11.2,,A,5
47,rs11571316,2q33.2,CTLA4,A,0
48,rs11584383,1q32.1,,C,5
49,rs11635424,15q23,MAP2K5,G,4
50,rs11755393,6p21.31,UHRF1BP1,,5
51,rs11805303,1p31.3,IL23R,C,5
52,rs11860650,16p11.2,ITGAM,,5
53,rs12122721,1q32.1 ,KIF21B,A,5
54,rs1219648,10q26.13,FGFR2,A,3
55,rs12521868,5,IBD5,G,4
56,rs12531711,7q32.1,IRF5.1,A,4
57,rs12722489,10p15.1,IL2RA,T,4
58,rs12722561,10p15.1,IL2RA,T,0
59,rs12970134,18q21.32,MC4R,G,5
60,rs13192841,6q23,,G,4
61,rs13266634,8q24.11,SLC30A8,C,4
62,rs13277113,8p23.1,C8orf13,G,4
63,rs13281615,8q24.21,,A,4
64,rs13387042,2q35,,G,4
65,rs1410996,1q31.3,CFH,A,4
66,rs1447295,8q24.21,,C,4
67,rs1456893,7p12.2,,G,5
68,rs1464510,3q28,LPP,C,5
69,rs1465788,14q24.1,,T,5
70,rs1512268,8p21.2,NKX3.1,C,4
71,rs1519717,11p15.1,NELL1,C,3
72,rs1537375,9p21.3,CDKN2A/B,C,4
73,rs1551398,8q24.13,,G,5
74,rs1558744,12q15,IFNG,G,5
75,rs16892766,8q23.3,EIF3H,A,5
76,rs16901979,8q24.21,,C,5
77,rs16902104,8q24.21,,C,5
78,rs17234657,5p13.1,PTGER4,T,4
79,rs1736135,21q21.1,,,5
80,rs1736148,21q21,,C,5
81,rs1738074,6q25.3,TAGAP,C,5
82,rs1746048,10q11.21,CXCL12,C,5
83,rs17468277,2q33.1,CASP8,C,4
84,rs17582416,10p11.21,,,5
85,rs17696736,12q24.13,C12orf30,A,5
86,rs17728338,5q33.1,TNIP1,,4
87,rs17810546,3q25.33,IL12A,A,5
88,rs1793004,11p15.1,NELL1,C,3
89,rs1800925,5q31.1,IL13,T,4
90,rs1801282,3p25.2,PPARG,A,4
91,rs1859962,17q24.3,,T,5
92,rs1893217,18p11.21,PTPN2,A,3
93,rs1975197,9p24.1,PTPRD,G,5
94,rs1990760,2q24.2,IFIH1,C,5
95,rs2004640,7q32.1,IRF5.3,G,4
96,rs20541,5q31.1,IL13,A,4
97,rs2066808,12q13.2,IL23A,T,4
98,rs2066843,16q12.1,NOD2,C,5
99,rs2066844,16q12.1,NOD2,C,3
100,rs2066845,16q12.1,NOD2,G,3
101,rs2066847,16q12.1,NOD2,D,3
102,rs2104286,10p15.1,IL2RA,T,5
103,rs2165241,15q24.1,LOXL1,C,2
104,rs2187668,6p21.32,HLA-DQA1,C,5
105,rs2192954,2p14,,G,4
106,rs2197423,3p25.2,PPARG,G,4
107,rs2200733,4q25,PITX2,C,5
108,rs2205960,1q25.1,TNFSF4,G,4
109,rs2230199,19p13.3,C3-R80G,G,4
110,rs2237892,11p15.5,KCNQ1,T,4
111,rs224136,10q21.2,,T,5
112,rs2241880,2q37.1,ATG16L1,A,5
113,rs2274910,1q23.3,ITLN1,T,5
114,rs2283228,11p15.5,KCNQ1,,4
115,rs2290400,17q12,ORMDL3,T,5
116,rs2291834,1q41,MIA3,,5
117,rs2292239,12q13.2,ERBB3,T,5
118,rs2300478,2p14,MEIS1,T,4
119,rs2301436,6q27,CCR6,C,5
120,rs231779,2q33.2,CTLA4,C,3
121,rs2327832,6q23,,A,4
122,rs2383207,9p21.3,CDKN2A/B,A,4
123,rs2383208,9p21.3,CDKN2A/B,G,4
124,rs2395185,6p21.32,HLA-DRA,T,5
125,rs10887741,10q23.2,PAPSS2,,4
126,rs2476601,1p13.2,PTPN22,G,3
127,rs2542151,18p11.21,PTPN2,T,4
128,rs2568958,1p31.1,NEGR1,G,5
129,rs2660753,3p12.1,SLC22A3,C,4
130,rs2710646,2p15,EHBP1,C,5
131,rs2735839,19q13.33,KLK2/3,A,4
132,rs2736340,8p23.1,BLK,C,5
133,rs2793831,1p12,NOTCH2,T,5
134,rs2816316,1q31.2,RGS1,C,5
135,rs2844479,6p21.33,AIF1,A,5
136,rs2872507,17q12,ORMDL3,G,5
137,rs2877716,3q21.1,ADCY5,T,5
138,rs2981582,10q26.13,FGFR2,G,4
139,rs29941,19q13.11,KCTD15,G,5
140,rs3024505,1q32.1,IL10,G,5
141,rs3087243,2q33.2,CTLA4,A,4
142,rs3129934,6p21.32,HLA-DRB1,C,5
143,rs3135388,6p21.32,HLA-DRA,G,3
144,rs3184504,12q24.12,SH2B3,T,5
145,rs3197999,3p21.31,MST1,G,4
146,rs3212227,5q33.3,IL12B,G,3
147,rs340874,1q32.3,PROX1,T,5
148,rs3741206,11p15.5,INS,,0
149,rs3741208,11p15.5,INS,A,4
150,rs3750847,10.q26.13,ARMS2,C,3
151,rs3751812,16q12.2,FTO,G,4
152,rs3761847,9q34,TRAF1/C5,A,3
153,rs3764147,13q14.11,,A,5
154,rs3802842,11q23.1,C11orf92,A,4
155,rs3803662,16q12.1,TNRC9,G,4
156,rs3806308,1p36.13,RNF186,T,5
157,rs3807989,7q31.2,CAV1,G,5
158,rs3817198,11p15.5,LSP1,T,4
159,rs3825214,12q24.21,TBX5,G,5
160,rs3825932,15q25.1,CTSH,,5
161,rs3890745,1p36.32,MMEL1,C,4
162,rs3923809,6p21.2,BTBD9,G,3
163,rs401681,5p15.33,TERT,T,4
164,rs4112788,1q21.3,LCE,A,5
165,rs4263839,9q32,TNFSF15,A,5
166,rs429358,19q13.32,APOE,,2
167,rs4402960,3q27.2,IGF2BP2,G,3
168,rs4415084,5p12,MRPS30,,5
169,rs4430796,17q12,TCF2,G,4
170,rs4444235,14q22.2,BMP4,T,5
171,rs4506565,10q25.2,TCF7L2,A,5
172,rs4607103,3p14.1,ADAMTS9,,5
173,rs4607517,7p13,GCK,G,5
174,rs12612420,2q33.1,DNAPTP6,G,4
175,rs4712523,6p22.3,CDKAL1,A,4
176,rs4763879,12p13.31,CD69,A,5
177,rs4779584,15q13.3,CRAC1,C,5
178,rs4788084,16p11.2,IL27,C,5
179,rs4788102,16p11.2,SH2B1,G,5
180,rs4900384,14q32.2,,A,5
181,rs4934724,10p11,,C,5
182,rs4939827,18q21.1,SMAD7,C,4
183,rs4958847,5q33.1,IRGM,G,5
184,rs4962416,10q26.13,CTBP2,T,5
185,rs4963128,11p15.5,PHRF1,T,5
186,rs4973768,3p24.1,NEK10,C,4
187,rs5029939,6q23.3,TNFAIP3,,4
188,rs5215,11p15.1,KCNJ11,T,4
189,rs5219,11p15.1,KCNJ11,C,3
190,rs522162,6p21.32,CFB,,4
191,rs547154,6p21.32,C2/CFB,T,4
192,rs5759167,22q13.2,,T,5
193,rs5945572,Xp11.22,NUDT11,G,5
194,rs599839,1p13.3,CELSR2,A,5
195,rs610604,6q23.3,TNFAIP3,T,4
196,rs620861,8q24.21,,A,5
197,rs6235,5q15,PCSK1_2,,5
198,rs6265,11p14.1,BDNF,T,5
199,rs6426833,1p36.13,OTUD3,G,5
200,rs6441961,3p21.31,CCR1/3,C,4
201,rs6445975,3p14.3,PXK,T,5
202,rs6457617,6p21.32,MHC,C,5
203,rs6465657,7q21.3,LMTK2,T,4
204,rs6568431,6q21,PRDM1,C,5
205,rs660895,6p21.32,HLA-DRB1,A,5
206,rs6679677,1p13.2,PTPN22,C,5
207,rs6725887,2q33.1,WDR12,T,5
208,rs2073711,15q22.31,CILP,G,2
209,rs6802898,3p25.2,PPARG,C,4
210,rs6822844,4q27,IL2/IL21,T,3
211,rs6840978,4q27,IL2-IL22,T,5
212,rs6897932,5p13.2,IL7R,T,3
213,rs6908425,6p22.3,CDKAL1,T,5
214,rs6920220,6q23.3,TNFAIP3,G,5
215,rs6922269,6q25.1,MTHFD1L,G,5
216,rs6983267,8q24.21,POU5F1P1,T,4
217,rs7127900,11p15.5,IGF2,G,4
218,rs7138803,12q13.13,FAIM2,G,5
219,rs7193343,16q22.3,ZFHX3,C,5
220,rs7202877,16q23.1,,G,5
221,rs721048,2p15,EHBP1,,5
222,rs7222197,17q22,COX11,A,4
223,rs725613,16,KIAA0350,T,5
224,rs7412,19q13.32,APOE,T,2
225,rs744166,17q21.2,STAT3,G,5
226,rs7561317,2p25.3,TMEM18,A,5
227,rs757411,17q21,,C,5
228,rs7574865,2q32.3,STAT4,G,4
229,rs7578597,2p21,THADA,C,5
230,rs762421,21q22.3,ICISLG,A,5
231,rs7647305,3q27.2,ETV5,T,5
232,rs7679673,4q24,TET2,,5
233,rs7714584,5q33.1,IRGM,A,4
234,rs7739181,6p24.1,PHACTR1,,5
235,rs7746082,6q21,,,5
236,rs7756992,6p22.3,CDKAL1,A,5
237,rs7775397,6p21.33,HLA*DR3,T,5
238,rs780094,2p23.3,GCKR,C,5
239,rs7804356,7p15.2,,C,5
240,rs7817677,8q24,,A,0
241,rs7903146,10q25.2,TCF7L2,C,4
242,rs7927894,11q13.5,C11orf30,C,5
243,rs7961581,12q21.1,TSPAN8,,5
244,rs8034191,15q25.1,CHRNA3,T,3
245,rs8050136,16q12.2,FTO,C,5
246,rs8102476,19q13.2,,T,5
247,rs864745,7p15.1,JAZF1,,5
248,rs889312,5q11.2,MAP3K1,A,4
249,rs917997,2q11,IL1RL1,C,5
250,rs9270986,6p21.32,DRB1,C,3
251,rs9286879,1q24.3,,A,5
252,rs9296249,6p21.2,BTBD9,C,4
253,rs9300039,11p12,,A,5
254,rs9332739,6p21.32,C2/CFB,C,4
255,rs9364554,6q25.3,SLC22A3,C,4
256,rs9388489,6q22.32,C6orf173,A,5
257,rs9494266,6,AHI1,G,4
258,rs9494883,6q23.3,TNFAIP3,,0
259,rs961253,20p12.3,,C,5
260,rs9789535,2p14,,A,4
261,rs9811792,3q25,,T,5
262,rs9818870,3q22.3,MRAS,,5
263,rs9858280,3p21.31,BSN,C,0
264,rs9858542,3p21.31,MST1,G,4
265,rs9888739,16p11.2,ITGAM,C,5
266,rs9939609,16q12.2,FTO,T,5
267,rs9982601,21q22.11,SLC5A3,,5
268,rs999737,14q24.1,RAD51L1,T,5
269,i3002432,11,F5,,1
270,rs10017674,chr4:9576151,SLC2A9,,1
271,rs10018204,chr4:9573668,SLC2A9,,1
272,rs10021308,chr4:186953978,SORBS2,,1
273,rs10038196,chr5:7570418,ADCY2,,1
274,rs10042486,chr5:63297085,HTR1A,,1
275,rs10061997,chr5:150639180,SLC36A3,,1
276,rs10115383,chr9:102410353,,A,4
277,rs10121807,chr9:84326704,,,4
278,rs10192566,chr2:11807879,LPIN1,,2
279,rs10248420,chr7:87002922,ABCB1,,3
280,rs10276036,chr7:87018134,ABCB1,C,2
281,rs10280101,chr7:86991521,ABCB1,,3
282,rs1035339,chr11:99371870,CNTN5,C,1
283,rs1036360,chr12:92977460,,,4
284,rs1041983,8p22,NAT2,C,3
285,rs1042522,chr17:7520197,TP53,C,1
286,rs1042597,chr2:234191610,UGT1A8,,2
287,rs1042713,5q32,ADRB2,A,2
288,rs1042714,5q32,ADRB2,C,1
289,rs1042718,5q32,ADRB2,A,2
290,rs1042858,chr11:4116042,RRM1,,1
291,rs1043620,chr6:31891734,HSPA1L,,3
292,rs1044396,chr20:61451578,CHRNA4,A,2
293,rs1045642,chr7:86976581,ABCB1,A,2
294,rs10481625,chr9:8794761,PTPRD,,1
295,rs10482633,chr5:142730726,NR3C1,,2
296,rs1048977,chr1:20817642,CDA,C,2
297,rs10494366,chr1:160352309,NOS1AP,G,3
298,rs1050152,chr5:131704219,SLC22A4,C,2
299,rs1050565,chr17:25600202,BLMH,T,1
300,rs1050828,chrX:153417411,G6PD,T,1
301,rs10509681,chr10:96788739,CYP2C8,C,1
302,rs1051266,chr21:45782222,SLC19A1,T,1
303,rs1051298,chr21:45759254,SLC19A1,G,1
304,rs1051375,chr12:2659140,CACNA1C,,3
305,rs1051740,chr1:224086256,EPHX1,C,2
306,rs1056836,chr2:38151707,CYP1B1,A,1
307,rs1056892,chr21:36440576,CBR3,C,3
308,rs1057910,chr10:96731043,CYP2C9,C,2
309,rs1058930,chr10:96808109,CYP2C8,C,2
310,rs1060896,chr15:43341559,SLC28A2,A,2
311,rs1061622,chr1:12175542,TNFRSF1B,G,2
312,rs1065852,chr22:40856638,CYP2D6,A,2
313,rs1076560,chr11:112788898,DRD2,A,2
314,rs10774929,chr12:116439410,KSR2,,1
315,rs1079128,chr4:9560319,SLC2A9,,1
316,rs10794595,chr10:124871492,,C,4
317,rs10802866,chr1:238607634,FMN2,C,1
318,rs10821936,chr10:63393583,ARID5B,,4
319,rs10825264,chr10:55617960,PCDH15,,1
320,rs10834489,chr11:24794377,LUZP2,C,4
321,rs10865016,chr2:98355736,CNGA3,,4
322,rs10868236,chr9:86698516,NTRK2,,4
323,rs10871454,chr16:30955580,STX4,C,3
324,rs10897346,chr11:55387401,,,3
325,rs10917670,chr1:161299466,RGS4,,2
326,rs10918594,chr1:160297312,NOS1AP,,3
327,rs10926240,chr1:238626561,FMN2,,1
328,rs10929302,chr2:234330521,UGT1A10,A,1
329,rs10932125,chr2:206360545,NRP2,,1
330,rs10937275,chr3:188133484,ST6GAL1,A,4
331,rs10945919,chr6:164106667,QKI,A,3
332,rs10983320,chr9:118523510,ASTN2,,1
333,rs10994982,chr10:63380110,ARID5B,,4
334,rs10999845,chr10:72910367,CDH23,,4
335,rs11023100,chr11:14117080,SPON1,,1
336,rs11023197,chr11:14337574,RRAS2,,1
337,rs11042725,chr11:10281901,ADM,,2
338,rs11045585,chr12:20936961,SLCO1B3,A,1
339,rs11045819,chr12:21221080,SLCO1B1,A,1
340,rs11045879,chr12:21273886,SLCO1B1,,1
341,rs11082277,chr18:38304361,,A,4
342,rs11083241,chr18:23805959,CDH2,A,1
343,rs1109374,chr1:65406085,AK3L1/2,C,4
344,rs11109504,chr12:77280042,,,4
345,rs1111599,chr12:116440415,KSR2,,1
346,rs11160533,chr14:99145526,CCDC85C,,4
347,rs11188072,chr10:96509051,CYP2C19,,2
348,rs11201887,chr10:87874090,GRID1,,1
349,rs11222291,chr11:99378756,CNTN5,,1
350,rs11222869,chr11:131406958,NTM,,1
351,rs1123617,chr18:41506881,SLC14A2,G,3
352,rs1127354,chr20:3141842,ITPA,A,2
353,rs1128503,chr7:87017537,ABCB1,A,1
354,rs1128870,chr6:44306293,SLC29A1,,2
355,rs1136201,chr17:35133114,ERBB2,,2
356,rs1138272,11q13.2,GSTP1,C,2
357,rs1142345,chr6:18238897,NHLRC1,T,1
358,rs1143663,chr21:36364545,SETD4,,2
359,rs1143671,chr3:123129976,SLC15A2,C,2
360,rs1143672,chr3:123130858,SLC15A2,A,2
361,rs11545077,chr8:64113791,GGH,,1
362,rs11545078,chr8:64101318,GGH,,1
363,rs11568493,chr11:62520183,SLC22A8,G,2
364,rs11568496,chr11:62523015,SLC22A8,,2
365,rs11568500,chr5:131677323,SLC22A4,,2
366,rs11568503,chr5:131690888,SLC22A4,C,2
367,rs11568510,chr5:131675853,SLC22A4,,2
368,rs11568513,chr5:131756197,SLC22A5,,2
369,rs11568520,chr5:131733614,SLC22A5,,2
370,rs11568563,chr12:21348701,SLCO1A2,T,2
371,rs11568564,chr12:21348715,SLCO1A2,G,2
372,rs11568634,chr11:62503536,SLC22A6,,2
373,rs11568658,chr13:94661009,ABCC4,C,2
374,rs11568668,chr13:94637041,ABCC4,,2
375,rs11572080,chr10:96817020,CYP2C8,T,1
376,rs11572103,chr10:96808096,CYP2C8,A,1
377,rs11572177,chr10:96787260,CYP2C8,,3
378,rs11615,chr19:50615493,ERCC1,G,2
379,rs11631179,chr15:59064768,RORA,,1
380,rs11636705,chr15:94406916,,,4
381,rs11653,chr7:128196816,OPN1SW,,2
382,rs11706052,chr3:49039114,DALRD3,,2
383,rs11786893,chr8:64110819,GGH,,1
384,rs11881222,chr19:44426763,IL28B,,4
385,rs119774,chr16:15994334,ABCC1,T,3
386,rs11983225,chr7:86999456,ABCB1,,3
387,rs12068388,chr1:26494183,UBXN11,,1
388,rs1208,8p22,NAT2,A,3
389,rs12113878,chr7:138793985,KLRG2,,1
390,rs12126638,chr1:214242319,USH2A,,4
391,rs12164089,chr7:126420405,GRM8,,1
392,rs12187557,chr5:8492670,,,1
393,rs12190776,chr6:124344242,NKAIN2,,1
394,rs12208357,chr6:160463138,SLC22A1,C,2
395,rs12248560,chr10:96511647,CYP2C19,C,1
396,rs12257526,chr10:87918823,GRID1,,1
397,rs12262754,chr10:87919062,GRID1,A,1
398,rs12273744,chr11:99366485,CNTN5,,1
399,rs12277155,chr11:99367616,CNTN5,,1
400,rs12282593,chr11:99376571,CNTN5,,1
401,rs12287931,chr11:99381432,CNTN5,,1
402,rs12289401,chr11:99385434,CNTN5,,1
403,rs1229984,chr4:100458342,ADH1B,T,0
404,rs12302525,chr12:88250556,,,4
405,rs12418,chr10:73443020,CHST3,A,2
406,rs12422149,chr11:74561225,SLCO2B1,A,3
407,rs12435905,chr14:91919200,SLC24A4,,1
408,rs12435920,chr14:91919219,SLC24A4,,1
409,rs12498150,chr4:9559635,SLC2A9,,1
410,rs12498956,chr4:9559803,SLC2A9,A,1
411,rs12562192,chr1:238626069,FMN2,,1
412,rs12573606,chr10:87872282,GRID1,A,1
413,rs12644671,chr4:33700472,,,4
414,rs12674093,chr7:33520687,BBS9,,1
415,rs12714145,chr2:85640852,GGCX,,2
416,rs12720067,chr7:87007292,ABCB1,T,3
417,rs12720441,chr7:150278237,KCNH2,,2
418,rs12721627,chr7:99204029,CYP3A4,C,2
419,rs12721646,chr19:46139024,CYP2A7P1,,1
420,rs12721655,chr19:46202122,CYP2B6,,2
421,rs12762549,chr10:101610761,,,1
422,rs12777823,chr10:96395492,CYP2C18,,4
423,rs12797615,chr11:85944331,ME3,C,4
424,rs12828172,chr12:116412565,KSR2,C,1
425,rs12874278,chr13:49833923,,C,4
426,rs12920919,chr16:9845481,GRIN2A,,4
427,rs12941878,chr17:50815304,,,1
428,rs12960,chr16:88147829,SPG7,,2
429,rs12963484,chr18:32370299,FHOD3,C,1
430,rs12980275,chr19:44423623,IL28B,A,4
431,rs13103879,chr4:9581977,SLC2A9,,1
432,rs13106616,chr4:33719815,,A,4
433,rs13120400,chr4:89252551,ABCG2,,2
434,rs13174252,chr5:7583931,ADCY2,,1
435,rs13181,chr19:50546759,KLC3,G,1
436,rs13321783,chr3:121098065,GSK3B,,2
437,rs13328050,chr4:9560218,SLC2A9,,1
438,rs13393173,chr2:169097337,LASS6,A,3
439,rs13400652,chr2:123112347,,,4
440,rs13447447,17q23.3,ACE,,3
441,rs1359645,chr10:108035647,,A,4
442,rs1360780,chr6:35715549,FKBP5,C,2
443,rs1364043,chr5:63286607,,G,1
444,rs1367117,chr2:21117405,APOB,A,3
445,rs1373494,chr4:33424921,,,4
446,rs1377580,chr11:99371373,CNTN5,,1
447,rs1379357,chr8:24837484,,,2
448,rs1399180,chr10:8138725,GATA3,C,1
449,rs1402467,chr2:108361240,SULT1C4,C,2
450,rs1414334,chrX:114044400,HTR2C,C,2
451,rs1423901,chr16:59005953,,,1
452,rs1451371,chr7:50520545,DDC,,2
453,rs1457266,chr8:24825757,NEFM,,2
454,rs1487278,chr12:70687118,TPH2,C,3
455,rs1504771,chr8:4087559,CSMD1,,1
456,rs1537849,chr1:238621070,FMN2,,1
457,rs1544105,chr9:129602546,FPGS,,3
458,rs1544411,chr7:10786072,,,2
459,rs1549738,chr2:217826967,,,4
460,rs1574091,chr3:193564776,FGF12,,1
461,rs1599903,chr3:39930070,MYRIP,,4
462,rs1604079,chr12:116422902,KSR2,,1
463,rs165599,chr22:18336781,COMT,A,2
464,rs167771,chr3:115358965,DRD3,A,2
465,rs16860281,chr3:149478037,,,4
466,rs1687390,chr9:116129709,ORM1/2,,2
467,rs16905691,chr10:55619905,PCDH15,,1
468,rs16944,2q13,IL1B,G,2
469,rs16944011,chr18:23546361,,,4
470,rs1695,11q13.2,GSTP1,A,2
471,rs16965867,chr16:88208369,DPEP1,,1
472,rs16969968,chr15:76669980,CHRNA5,A,1
473,rs16982400,chr22:16277544,CECR2,,4
474,rs16999684,chr22:47453314,FAM19A5,,4
475,rs17007695,chr4:142929173,IL15,,4
476,rs1702176,chr1:153043781,KCNN3,,1
477,rs17185835,chr4:9567278,SLC2A9,,1
478,rs17185870,chr4:9567312,SLC2A9,,1
479,rs17215333,chr9:32325139,,,1
480,rs17215633,chr15:43347066,SLC28A2,C,2
481,rs17238540,chr5:74691254,HMGCR,G,0
482,rs17244587,chr17:43178034,TBX21,,2
483,rs17244841,chr5:74678611,HMGCR,,0
484,rs17252296,chr14:50650671,,,4
485,rs17284420,chr5:82748776,,,4
486,rs17295389,chr13:81213800,,,4
487,rs17355446,chr2:179297486,TTN,,4
488,rs17371334,chr13:83930328,,,4
489,rs17477949,chr11:12175779,MICAL2,,4
490,rs1751034,chr13:94512977,ABCC4,,2
491,rs17665021,chr18:23476209,,,4
492,rs17708472,chr16:31012854,VKORC1,A,1
493,rs17731538,chr4:89274403,ABCG2,A,2
494,rs17739703,chr18:28777286,C18orf34,,4
495,rs17852153,chr11:69172091,CCND1,,2
496,rs17868323,chr2:234255709,UGT1A10,G,3
497,rs17884712,chr10:96525236,CYP2C19,A,1
498,rs1799735,chr1:110081777,GSTM3,,2
499,rs1799752,17q23.3,ACE,I,2
500,rs1799793,chr19:50559099,ERCC2,T,2
501,rs1799807,chr3:167031223,BCHE,T,1
502,rs1799853,chr10:96692037,CYP2C9,T,2
503,rs1799889,chr7:100556430,SERPINE1,,3
504,rs1799929,8p22,NAT2,C,3
505,rs1799930,8p22,NAT2,G,3
506,rs1799931,8p22,NAT2,G,2
507,rs1799945,6p22.2,HFE,G,2
508,rs1799971,chr6:154402490,OPRM1,A,2
509,rs1799978,chr11:112851561,DRD2,T,2
510,rs1800012,17q21.33,COL1A1,C,1
511,rs1800169,chr11:58148077,CNTF,A,1
512,rs1800462,chr6:18251934,TPMT,C,1
513,rs1800497,chr11:112776038,ANKK1,G,2
514,rs1800562,6p22.2,HFE,A,2
515,rs1800566,chr16:68302646,NQO1,G,3
516,rs1800584,chr6:18238991,NHLRC1,T,0
517,rs1800629,chr6:31651010,LTA; TNF,A,1
518,rs1800734,chr3:37009950,EPM2AIP1,A,2
519,rs1800909,chr8:64113866,GGH,,1
520,rs1801019,chr3:125939432,UMPS,,1
521,rs1801028,chr11:112788694,DRD2,,0
522,rs1801131,chr1:11777063,MTHFR,T,2
523,rs1801133,chr1:11778965,MTHFR,G,2
524,rs1801159,chr1:97753983,DPYD,T,1
525,rs1801252,10q25.3,ADRB1,A,2
526,rs1801253,10q25.3,ADRB1,G,2
527,rs1801265,chr1:98121473,DPYD,G,1
528,rs1801280,8p22,NAT2,C,3
529,rs1803274,chr3:165491280,BCHE,T,1
530,rs1803484,chr4:72115207,DCK,,2
531,rs1805087,chr1:235115123,MTR,A,3
532,rs181736,chr5:58712990,PDE4D,A,1
533,rs182784,chr20:55257940,BMP7,A,1
534,rs1833489,chr11:99377382,CNTN5,,1
535,rs1839158,chr2:33708935,,,1
536,rs1846644,chr12:116422763,KSR2,,1
537,rs1846681,chr5:7583741,ADCY2,,1
538,rs1856801,chr10:112382152,,,4
539,rs186660,chr20:55249533,BMP7,,1
540,rs186715,chr19:6829136,EMR1,,4
541,rs1871450,chr10:73442020,CHST3,A,2
542,rs1883322,6p21.31,PPARD,T,2
543,rs1884677,chr14:91913581,SLC24A4,,1
544,rs1884679,chr14:91913315,SLC24A4,A,1
545,rs1895507,chr16:59020197,,,1
546,rs1902023,chr4:69218679,,,2
547,rs1934951,chr10:96788538,CYP2C8,,3
548,rs1935349,chr10:92584323,HTR7,,2
549,rs1946468,chr5:7670232,ADCY2,,1
550,rs1954787,chr11:120168573,GRIK4,C,2
551,rs1993508,chr12:13423598,C12orf36,,1
552,rs2010963,chr6:43846328,VEGFA,,2
553,rs2016520,6p21.31,PPARD,C,1
554,rs2018643,chr4:9556219,SLC2A9,T,1
555,rs2032582,chr7:86998554,ABCB1,,1
556,rs2032583,chr7:86998497,ABCB1,G,3
557,rs20417,chr1:184916944,PTGS2,C,2
558,rs20455,chr6:39433056,KIF6,G,2
559,rs2046934,chr3:152540332,P2RY12,,1
560,rs2052383,chr13:104997529,,,4
561,rs2066702,chr4:100448040,ADH1B,G,0
562,rs2069919,chr2:127896023,PROC,,2
563,rs2070995,chr21:38008835,KCNJ6,T,1
564,rs2072661,chr1:152815504,CHRNB2,,2
565,rs2072671,chr1:20788288,CDA,A,1
566,rs2075252,chr2:169719231,LRP2,,2
567,rs2076369,chr22:36793598,PICK1,G,2
568,rs2108622,chr19:15851431,CYP4F2,C,2
569,rs2115819,chr10:45221095,ALOX5,G,3
570,rs2134142,chr12:116440891,KSR2,,1
571,rs2134143,chr12:116440805,KSR2,,1
572,rs216013,chr12:2599893,CACNA1C,A,3
573,rs2184711,chr1:238621611,FMN2,,1
574,rs2193225,chr2:50932986,NRXN1,T,2
575,rs2222956,chr21:36022910,RPS20P1,G,1
576,rs2227291,chrX:77155158,ATP7A,C,2
577,rs2227631,chr7:100556258,SERPINE1,A,3
578,rs2227956,chr6:31886251,HSPA1L,G,3
579,rs2227983,chr7:55196749,EGFR,,1
580,rs2228001,chr3:14162450,XPC,T,2
581,rs2228622,chr9:4554432,SLC1A1,A,2
582,rs2229107,chr7:86976595,ABCB1,A,2
583,rs2229109,chr7:87017745,ABCB1,T,2
584,rs2231137,chr4:89280138,ABCG2,,2
585,rs2231142,chr4:89271347,ABCG2,T,1
586,rs2232165,chr3:173648838,GHSR,,3
587,rs2234922,chr1:224093029,EPHX1,A,2
588,rs2235015,chr7:87037500,ABCB1,C,3
589,rs2235040,chr7:87003686,ABCB1,T,3
590,rs2236196,chr20:61448000,CHRNA4,A,2
591,rs2236624,chr22:23166024,ADORA2A,C,2
592,rs2237781,chr7:126462286,GRM8,,4
593,rs2238472,chr16:16159100,ABCC6,T,2
594,rs2238476,chr16:16121373,ABCC1,,2
595,rs2240017,chr17:43165918,TBX21,,1
596,rs2240920,chr3:52806049,ITIH3,,1
597,rs2242046,chr15:83279733,SLC28A1,G,2
598,rs2242047,chr15:83279700,SLC28A1,T,2
599,rs2242048,chr15:83279414,SLC28A1,G,2
600,rs2246709,chr7:99203655,CYP3A4,A,3
601,rs2257212,chr3:123126494,SLC15A2,T,2
602,rs2260863,chr1:224086397,EPHX1,C,2
603,rs2267076,chr22:23160595,ADORA2A,,2
604,rs2267715,chr7:30682612,CRHR2,,3
605,rs2273697,chr10:101553805,ABCC2,A,3
606,rs2276307,chr11:113309097,HTR3B,A,2
607,rs2278293,chr7:127827988,IMPDH1,,2
608,rs2278294,chr7:127827935,IMPDH1,T,2
609,rs2279343,chr19:46207103,CYP2B6,A,1
610,rs2282143,chr6:160477633,SLC22A1,C,2
611,rs2284017,chr22:35426873,CACNG2,,3
612,rs2284018,chr22:35427510,CACNG2,C,3
613,rs2284220,chr7:30684628,CRHR2,,3
614,rs2290113,chr2:128740783,HS6ST1,,1
615,rs2290272,chr15:83248435,SLC28A1,G,2
616,rs2290573,chr15:72916647,ULK3,,1
617,rs2292566,chr1:224086276,EPHX1,A,2
618,rs2292954,chr16:88140624,SPG7,G,2
619,rs2296840,chr1:149638671,PSMB4,,2
620,rs2297480,chr1:153546106,PKLR,,1
621,rs2297595,chr1:97937679,DPYD,C,1
622,rs2298383,chr22:23155511,ADORA2A,,2
623,rs2301159,chr13:102495729,SLC10A2,G,2
624,rs2303500,chr15:46526566,FBN1,G,1
625,rs2304016,chr2:165876749,SCN2A,A,3
626,rs2306168,chr11:74585230,SLCO2B1,C,3
627,rs2306283,chr12:21221005,SLCO1B1,G,2
628,rs231775,chr2:204440959,CTLA4,A,1
629,rs2319398,chr3:121095632,GSK3B,,2
630,rs2359612,chr16:31011297,VKORC1,A,1
631,rs2368564,chr1:202391488,,,3
632,rs2372536,chr2:215898265,ATIC,,2
633,rs2375699,chr1:65580869,DNAJC6,G,1
634,rs2388449,chr5:8497205,,,1
635,rs2395029,chr6:31539759,HCP5,T,2
636,rs2395670,chr6:37190787,,A,4
637,rs2404646,chr4:136305731,,,4
638,rs2407309,chr11:99367835,CNTN5,,1
639,rs2407318,chr16:59004671,,,1
640,rs246240,chr16:16026525,ABCC1,A,2
641,rs2472677,chr3:121001107,NR1I2,,2
642,rs2494732,chr14:104310237,AKT1,,1
643,rs2518224,chr6:102013370,GRIK2,A,2
644,rs25487,chr19:48747566,XRCC1,T,2
645,rs255100,chr7:30695433,CRHR2,,3
646,rs25531,chr17:25588472,SLC6A4,,1
647,rs2605593,chr11:92846545,,,1
648,rs2607347,chr5:58757366,PDE4D,T,1
649,rs2607839,chr10:87981896,GRID1,C,1
650,rs2619538,chr6:15773188,DTNBP1,A,1
651,rs2619539,chr6:15728834,DTNBP1,,1
652,rs2631367,chr5:131733357,SLC22A5,C,2
653,rs2636797,chr10:98921728,SLIT1,,1
654,rs2636802,chr10:98920382,SLIT1,T,1
655,rs263930,chr13:21136662,FGF9,,4
656,rs2660845,chr12:94962684,LTA4H,A,3
657,rs2661319,chr1:161306401,RGS4,,2
658,rs2727786,chr11:116213733,KIAA0999,,1
659,rs2740574,chr7:99220032,CYP3A4,T,1
660,rs2768759,chr1:155119087,NTRK1,,3
661,rs2781659,chr6:131933513,ARG1,,3
662,rs2784917,chr10:98918932,SLIT1,G,1
663,rs2804402,chr10:101531573,ABCC2,,2
664,rs2814707,chr9:27526397,MOBKL2B,T,3
665,rs283277,chr20:52970231,,,4
666,rs28364006,chr16:16135750,ABCC1,,2
667,rs28364072,chr19:7661285,FCER2,,2
668,rs28364274,chr7:86971587,ABCB1,,2
669,rs2836823,chr21:39302119,NR,,4
670,rs28371685,chr10:96730971,CYP2C9,C,2
671,rs28371686,chr10:96731048,CYP2C9,C,2
672,rs28371725,chr22:40853749,CYP2D6,T,2
673,rs28399433,chr19:46048219,CYP2A6,G,0
674,rs28399454,chr19:46043107,CYP2A6,T,0
675,rs28399468,chr19:46041572,CYP2A6,C,0
676,rs28399499,chr19:46210061,CYP2B6,C,2
677,rs28399504,chr10:96512453,CYP2C19,A,3
678,rs28416813,chr19:44427484,IL28B,,4
679,rs2842030,chr1:161307119,RGS4,G,2
680,rs2844682,chr6:31054127,MUC21,G,2
681,rs2848716,chr6:31495946,,,3
682,rs2853539,chr18:649829,C18orf56,,3
683,rs2854116,chr11:116205379,APOA4,T,2
684,rs2854117,chr11:116205352,APOA4,T,2
685,rs28933389,chr3:167030704,BCHE,G,1
686,rs28933390,chr3:167030263,BCHE,C,1
687,rs28940302,chr16:31013467,VKORC1,G,2
688,rs28940303,chr16:31013418,VKORC1,C,2
689,rs28940304,chr16:31013380,VKORC1,A,2
690,rs2894342,chr6:33882372,MLN,C,3
691,rs290487,chr10:114899721,TCF7L2,,2
692,rs2911292,chr16:61138447,,,4
693,rs2914295,chr5:7705834,ADCY2,,1
694,rs2930357,chr8:3697068,CSMD1,T,4
695,rs2948694,chr3:173647857,GHSR,,3
696,rs2964911,chr5:163656859,,G,4
697,rs29684,chr7:41821177,,,4
698,rs3026682,chr22:36782428,PICK1,,2
699,rs3093726,chr6:31654768,LTB,C,2
700,rs3130690,chr6:31393914,,,3
701,rs315135,chr12:68049254,YEATS4,A,3
702,rs316019,chr6:160590272,SLC22A2,C,2
703,rs317689,chr12:68013457,LYZ,,3
704,rs320,chr8:19863357,LPL,G,1
705,rs3211371,chr19:46214555,CYP2B6,C,0
706,rs3212986,chr19:50604576,ERCC1,C,2
707,rs3213207,chr6:15736081,DTNBP1,T,1
708,rs3213422,chr16:70600183,PKD1L3,A,1
709,rs327127,chr13:28416900,,,4
710,rs334558,chr3:121295972,GSK3B,A,2
711,rs34059508,chr6:160495827,SLC22A1,,2
712,rs340669,chr5:8491531,,,1
713,rs34097093,chr19:46210210,CYP2B6,C,2
714,rs34104736,chr6:160473304,SLC22A1,,2
715,rs34130495,chr6:160480814,SLC22A1,,2
716,rs34223104,chr19:46188969,CYP2B6,C,2
717,rs34241435,chr16:23220686,SCNN1B,A,3
718,rs34305973,chr6:160480872,SLC22A1,,2
719,rs34489327,chr18:663451,TYMS,,2
720,rs34743033,chr18:647646,C18orf56,,1
721,rs35023033,chr7:87012134,ABCB1,,2
722,rs35167514,chr6:160480871,SLC22A1,,2
723,rs351855,chr5:176452849,FGFR4,,1
724,rs35191146,chr6:160480873,SLC22A1,,2
725,rs35350960,chr2:234334358,UGT1A10,,0
726,rs35529209,chr16:16112826,ABCC1,,3
727,rs35592,chr16:16049324,ABCC1,,2
728,rs35605,chr16:16069520,ABCC1,C,2
729,rs35730308,chr7:86976694,ABCB1,,2
730,rs35790011,chr17:19404183,SLC47A1,,2
731,rs35810889,chr7:87052784,ABCB1,,2
732,rs36079186,chr19:46204758,CYP2B6,C,2
733,rs36103319,chr6:160473397,SLC22A1,,2
734,rs36210421,chr7:150275361,KCNH2,C,2
735,rs3733223,chr4:2715306,TNIP2,,1
736,rs3734254,6p21.31,PPARD,C,2
737,rs3735273,chr7:50564358,DDC,,2
738,rs3736228,chr11:67957871,LRP5,C,2
739,rs3740066,chr10:101594197,ABCC2,T,2
740,rs3745009,chr18:41516357,SLC14A2,G,3
741,rs3745274,chr19:46204681,CYP2B6,G,2
742,rs3750518,chr9:139102689,MAN1B1,,1
743,rs3753380,chr1:78729020,PTGFR,T,2
744,rs3758149,chr8:64114282,GGH,,1
745,rs3761422,chr22:23156672,ADORA2A,,2
746,rs3764213,chr15:20579108,NIPA2,,4
747,rs3765534,chr13:94613416,ABCC4,C,1
748,rs3775289,chr4:72081538,DCK,T,2
749,rs3780126,chr8:64112466,GGH,G,1
750,rs3780412,chr9:4562480,SLC1A1,T,2
751,rs3780413,chr9:4557353,SLC1A1,,2
752,rs3784862,chr16:16018392,ABCC1,A,2
753,rs3789243,chr7:87058822,ABCB1,G,1
754,rs3800373,chr6:35650454,FKBP5,G,2
755,rs3803300,chr14:104340824,AKT1,T,1
756,rs3812718,chr2:166617790,SCN1A,C,2
757,rs3813928,chrX:113724538,HTR2C,A,2
758,rs3813929,chrX:113724776,HTR2C,C,1
759,rs3828917,chr6:31447936,HLA,,2
760,rs3832694,chr10:96786964,CYP2C8,,3
761,rs3846662,chr5:74686840,HMGCR,G,2
762,rs3849942,chr9:27533281,MOBKL2B,T,3
763,rs3862227,chr1:43493581,,,4
764,rs3892097,chr22:40854891,CYP2D6,,1
765,rs3909184,chr6:30807363,FLOT1,C,2
766,rs3909276,chr11:99383426,CNTN5,,1
767,rs3918290,chr1:97688202,DPYD,T,1
768,rs3924426,chr15:90246877,SLCO3A1,,3
769,rs3947413,chr18:32381232,FHOD3,C,1
770,rs3949478,chr10:97463204,,G,4
771,rs3957357,chr6:52776646,GSTAP1,,2
772,rs396991,chr1:159781166,FCGR3A,,1
773,rs403029,chr10:8130007,GATA3,,1
774,rs4078157,chr8:21617375,GFRA2,,1
775,rs4086116,chr10:96697192,CYP2C9,C,3
776,rs4124874,chr2:234330398,UGT1A10,T,0
777,rs41291556,chr10:96525163,CYP2C19,C,3
778,rs4141130,chr12:1967977,DCP1B,C,4
779,rs4142041,chr10:68310957,CTNNA3,,4
780,rs4142237,chr2:10448001,HPCAL1,,1
781,rs4148323,chr2:234333883,UGT1A10,A,0
782,rs4148356,chr16:16084776,ABCC1,A,3
783,rs4148739,chr7:86998985,ABCB1,,3
784,rs4148740,chr7:86990039,ABCB1,,3
785,rs4148943,chr10:73439513,CHST3,C,2
786,rs4148945,chr10:73439596,CHST3,C,2
787,rs4148947,chr10:73440123,CHST3,C,2
788,rs4148950,chr10:73441712,CHST3,A,2
789,rs4149015,chr12:21174589,SLCO1B1,,1
790,rs4149056,chr12:21222816,SLCO1B1,C,2
791,rs4149081,chr12:21269288,SLCO1B1,A,1
792,rs4149117,chr12:20902747,SLCO1B3,G,2
793,rs41557318,chr21:36365219,SETD4,,2
794,rs4238001,chr12:123914216,SCARB1,,2
795,rs4244285,chr10:96531606,CYP2C19,A,2
796,rs4258342,chr11:99370458,CNTN5,,1
797,rs4269885,chr11:99370759,CNTN5,,1
798,rs4311316,chr4:9565069,SLC2A9,,1
799,rs4312757,chr4:9565243,SLC2A9,,1
800,rs4314284,chr4:9565194,SLC2A9,,1
801,rs4339211,chr4:9556756,SLC2A9,C,1
802,rs4340,17q23.3,ACE,,3
803,rs437943,chr4:35048493,CENTD1,T,3
804,rs4379857,chr11:132688814,OPCML,A,4
805,rs4423615,chr2:165146476,GRB14,A,4
806,rs4455410,chr4:9562395,SLC2A9,,1
807,rs446112,chr20:44510316,ZNF663,,1
808,rs4473653,chr4:9580156,SLC2A9,,1
809,rs4509385,chr8:10217606,MSRA,,4
810,rs4519796,chr4:9565034,SLC2A9,,1
811,rs4522336,chr14:48095268,,,4
812,rs45445694,chr18:647646,C18orf56,,3
813,rs45511401,chr16:16080733,ABCC1,,2
814,rs45566039,chr11:62523883,SLC22A8,,2
815,rs456210,chr20:44515378,ZNF663,A,1
816,rs4562389,chr9:8795462,PTPRD,C,1
817,rs4580649,chr4:9557559,SLC2A9,A,1
818,rs4604727,chr1:170357361,DNM3,,1
819,rs4606,chr1:191047795,RGS2,,2
820,rs460703,chr20:44515249,ZNF663,,1
821,rs4608580,chr2:98227489,,,4
822,rs460869,chr20:44511381,ZNF663,,1
823,rs4621431,chr4:9556688,SLC2A9,,1
824,rs4646,chr15:49290136,CYP19A1,A,1
825,rs4646487,chr1:47051762,CYP4B1,C,2
826,rs4646994,17q23.3,ACE,,3
827,rs4653436,chr1:224061834,,A,2
828,rs4675690,chr2:208216052,,C,2
829,rs4680,chr22:18331271,COMT,A,2
830,rs4686799,chr3:187933930,KNG1,C,2
831,rs4693596,chr4:84189869,COQ2,C,3
832,rs4702473,chr5:7581558,ADCY2,C,1
833,rs4723619,chr7:37232877,ELMO1,,4
834,rs4725563,chr7:139300725,TBXAS1,C,4
835,rs4726075,chr7:150966193,PRKAG2,,1
836,rs4731426,chr7:127669306,LEP,,1
837,rs4734782,chr8:105443832,,A,1
838,rs4741746,chr9:2608969,VLDLR,C,4
839,rs4742,chr4:184052682,DCTD,,2
840,rs4758405,chr11:6281210,,,4
841,rs4759802,chr12:129973130,,,4
842,rs4762,1q42.2,AGT,G,2
843,rs4767551,chr12:116438443,KSR2,,1
844,rs4770877,chr13:25233570,ATP8A2,,1
845,rs4774925,chr15:55391694,,C,4
846,rs4795541,chr17:25588443,SLC6A4,,2
847,rs4796793,chr17:37795736,STAT3,C,1
848,rs4799915,chr18:33182637,BRUNOL4,,3
849,rs4803219,chr19:44427759,IL28B,,4
850,rs4825476,chrX:122269160,GRIA3,A,2
851,rs4833652,chr4:121694022,,A,4
852,rs4846051,chr1:11777044,MTHFR,A,2
853,rs487989,chr11:64821266,POLA2,A,2
854,rs4880,6q25.3,SOD2,A,1
855,rs4888024,chr16:77996875,,A,4
856,rs4905865,chr14:99145812,CCDC85C,,4
857,rs4916041,chr1:65555246,DNAJC6,,1
858,rs4917639,chr10:96715525,CYP2C9,A,3
859,rs4919908,chr19:459626,C19orf20,C,1
860,rs4919910,chr19:460717,C19orf20,C,1
861,rs492602,chr19:53898229,FUT2,,5
862,rs4933824,chr10:83809105,NRG3,,3
863,rs4961,chr4:2876505,ADD1,G,1
864,rs4986774,chr22:40854188,CYP2D6,,2
865,rs4986893,chr10:96530400,CYP2C19,A,2
866,rs4986910,chr7:99196460,CYP3A4,G,2
867,rs4986938,chr14:63769569,ESR2,T,2
868,rs4987161,chr7:99204017,CYP3A4,G,0
869,rs4994,8p12,ADRB3,G,1
870,rs5030062,chr3:187936874,KNG1,A,2
871,rs5030655,chr22:40855030,CYP2D6,,1
872,rs5030952,chr2:241191376,CAPN10,C,2
873,rs5031016,chr19:46041614,CYP2A6,G,0
874,rs5065,chr1:11828655,NPPA,A,3
875,rs506770,chr6:31893207,HSPA1L,,3
876,rs5128,chr11:116208850,APOA4,C,2
877,rs518147,chrX:113724838,HTR2C,C,2
878,rs5182,chr3:149942085,AGTR1,C,2
879,rs5186,chr3:149942678,AGTR1,A,2
880,rs3129900,chr6,HLA,T,4
881,rs532545,chr1:20787759,CDA,,2
882,rs5370,chr6:12404241,EDN1,G,3
883,rs5443,12p13.31,GNB3,C,2
884,rs55754655,chr2:201234575,AOX1,,2
885,rs55889066,chr15:72832628,CYP1A2,,2
886,rs56256500,chr19:46046011,CYP2A6,,3
887,rs56337013,chr10:96602485,CYP2C19,,1
888,rs569207,chr15:76660174,CHRNA5,,1
889,rs57098334,chr17:25572722,SLC6A4,,1
890,rs5750285,chr22:35434194,CACNG2,,3
891,rs5760410,chr22:23145406,CYTSA,,2
892,rs5771934,chr22:47455886,FAM19A5,,4
893,rs578776,chr15:76675455,CHRNA3,G,1
894,rs58425034,chr19:46206805,CYP2B6,,1
895,rs58597806,chr2:234246085,UGT1A10,,1
896,rs5918,chr17:42715729,ITGB3,C,2
897,rs59421388,chr22:40853554,CYP2D6,,0
898,rs6007413,chr22:43808980,,,4
899,rs601338,chr19:53898486,FUT2,A,2
900,rs6017787,chr20:44408103,,G,1
901,rs6025,chr1:167785673,F5,T,1
902,rs6028945,chr20:38254219,MAFB,G,3
903,rs60369023,chr1:20804061,CDA,,1
904,rs6070035,chr20:55259100,BMP7,,1
905,rs6071980,chr20:38301990,,C,3
906,rs6127983,chr20:55257882,BMP7,C,1
907,rs6127984,chr20:55258000,BMP7,,1
908,rs6138150,chr20:23795009,CST5,C,3
909,rs61736512,chr22:40855078,CYP2D6,,0
910,rs622342,chr6:160492856,SLC22A1,A,2
911,rs6275,chr11:112788687,DRD2,G,3
912,rs6280,chr3:115373505,DRD3,C,2
913,rs6295,chr5:63294321,HTR1A,,1
914,rs6311,chr13:46369479,HTR2A,C,2
915,rs6313,chr13:46367941,HTR2A,G,2
916,rs6314,chr13:46307035,HTR2A,G,2
917,rs6318,chrX:113871991,HTR2C,C,1
918,rs6413438,chr10:96531605,CYP2C19,C,1
919,rs6449155,chr4:9565645,SLC2A9,,1
920,rs6449157,chr4:9569540,SLC2A9,A,1
921,rs6449159,chr4:9569596,SLC2A9,,1
922,rs6449171,chr4:9575096,SLC2A9,C,1
923,rs6449172,chr4:9575134,SLC2A9,,1
924,rs6449174,chr4:9575520,SLC2A9,,1
925,rs6449176,chr4:9576941,SLC2A9,,1
926,rs6449178,chr4:9577782,SLC2A9,,1
927,rs6449179,chr4:9578215,SLC2A9,,1
928,rs6449201,chr4:9582992,SLC2A9,,1
929,rs6463462,chr7:48108719,UPP1,G,4
930,rs647955,chr1:22864230,,,1
931,rs6484176,chr11:25744207,,,4
932,rs6493497,chr15:49418127,CYP19A1,,1
933,rs6539870,chr12:83767812,,A,1
934,rs6555545,chr5:8493728,,A,1
935,rs6555546,chr5:8493904,,,1
936,rs6566561,chr18:67505170,,,1
937,rs6570989,chr6:102064106,GRIK2,A,4
938,rs6588131,chr1:65574150,DNAJC6,,1
939,rs6590489,chr11:99368985,CNTN5,,1
940,rs6590495,chr11:99372208,CNTN5,,1
941,rs6603859,chr1:16578662,C1orf144,,1
942,rs6650703,chr18:67507742,,A,1
943,rs6661946,chr1:234789731,HEATR1,,4
944,rs6709476,chr2:85297435,TCF7L1,A,4
945,rs671,chr12:112241766,ALDH2,A,2
946,rs6721498,chr2:50566516,NRXN1,,2
947,rs6784434,chr3:193562526,FGF12,A,1
948,rs6788148,chr3:193563792,FGF12,,1
949,rs680244,chr15:76658343,CHRNA5,T,1
950,rs6808874,chr3:121040541,GSK3B,,2
951,rs6814664,chr4:9565326,SLC2A9,,1
952,rs6815001,chr4:9567760,SLC2A9,,1
953,rs6823361,chr4:9572225,SLC2A9,,1
954,rs6834893,chr4:9568221,SLC2A9,,1
955,rs6836706,chr4:9573349,SLC2A9,,1
956,rs6839490,chr4:9574098,SLC2A9,C,1
957,rs6843873,chr4:9567886,SLC2A9,A,1
958,rs6844110,chr4:33405626,,,4
959,rs6844316,chr4:9568075,SLC2A9,,1
960,rs6849729,chr4:9567830,SLC2A9,C,1
961,rs6852441,chr4:9582842,SLC2A9,,1
962,rs688,chr19:11088602,LDLR,C,3
963,rs6880956,chr5:7583324,ADCY2,,1
964,rs6922548,6p21.31,PPARD,A,2
965,rs6944165,chr7:130394892,,,1
966,rs6960379,chr7:63387952,,C,4
967,rs6972429,chr7:41861367,,,4
968,rs698,chr4:100479812,ADH1C,C,0
969,rs698078,chr3:187941921,KNG1,,2
970,rs699,1q42.2,AGT,G,2
971,rs6997956,chr8:136553572,KHDRBS3,,4
972,rs699947,chr6:43844367,VEGFA,A,2
973,rs7046653,chr9:27480967,MOBKL2B,A,3
974,rs7082195,chr10:112417439,,,4
975,rs70991108,chr5:79985919,DHFR,,2
976,rs7114978,chr11:99371131,CNTN5,,1
977,rs7125241,chr11:99370916,CNTN5,,1
978,rs7125266,chr11:99370962,CNTN5,,1
979,rs712829,chr7:55054249,EGFR,G,2
980,rs7128311,chr11:20519095,,,4
981,rs713729,chr22:36785415,PICK1,A,2
982,rs7142881,chr14:31163299,NUBPL,A,3
983,rs7144886,chr14:68900790,,A,1
984,rs7157080,chr14:30623471,AP4S1,G,1
985,rs7168987,chr15:59061725,RORA,,1
986,rs7173321,chr15:48709892,TRPM7,,4
987,rs7176005,chr15:49418571,CYP19A1,,1
988,rs717620,chr10:101532568,ABCC2,T,2
989,rs7177792,chr15:87462043,ABHD2,,1
990,rs7187742,chr16:59007747,,,1
991,rs7200749,chr16:31010090,VKORC1,A,1
992,rs724226,chr7:86163310,GRM3,,2
993,rs7248668,chr19:44435661,IL28B,,4
994,rs72547516,chr15:72831631,CYP1A2,,2
995,rs72547517,chr15:72834298,CYP1A2,,2
996,rs72552713,chr4:89271981,ABCG2,,2
997,rs72552784,chr7:86983850,ABCB1,,2
998,rs72559749,chr12:21344626,SLCO1A2,,2
999,rs7274072,chr20:44513202,ZNF663,,1
1000,rs7294,chr16:31009822,VKORC1,T,0
1001,rs7297073,chr12:83869773,,,1
1002,rs7297610,chr12:68110291,LYZ,C,3
1003,rs730012,chr5:179153244,LTC4S,A,2
1004,rs730720,chr10:73442768,CHST3,T,2
1005,rs7311358,chr12:20907027,SLCO1B3,A,2
1006,rs731236,chr12:46525024,VDR,,2
1007,rs7313149,chr12:13719554,GRIN2B,,4
1008,rs7331762,chr13:95643558,HS6ST3,C,1
1009,rs737383,chr11:92304523,,T,4
1010,rs737582,chr11:99368611,CNTN5,,1
1011,rs737583,chr11:99368393,CNTN5,,1
1012,rs737622,chr22:27207715,,,2
1013,rs7376948,chr4:9563806,SLC2A9,,1
1014,rs7378305,chr4:9563991,SLC2A9,,1
1015,rs7378340,chr4:9564296,SLC2A9,C,1
1016,rs737865,chr22:18310121,COMT,,2
1017,rs742105,chr6:15681053,DTNBP1,,3
1018,rs7435196,chr4:9576654,SLC2A9,,1
1019,rs7439366,chr4:69998927,UGT2B7,,2
1020,rs750124,chr16:87340615,,A,1
1021,rs750332,chr6:31715029,BAT2/3,,3
1022,rs7569963,chr2:208181429,,A,2
1023,rs7586110,chr2:234255266,UGT1A10,G,3
1024,rs762551,chr15:72828970,CYP1A2,A,2
1025,rs7657958,chr4:69717384,UGT2B10,,2
1026,rs7658170,chr4:9575691,SLC2A9,,1
1027,rs7664751,chr4:33406328,,,4
1028,rs7672947,chr4:9570466,SLC2A9,C,1
1029,rs7676733,chr4:9576054,SLC2A9,,1
1030,rs7677710,chr4:9578615,SLC2A9,,1
1031,rs7686538,chr4:9557175,SLC2A9,C,1
1032,rs7691996,chr4:33406171,,,4
1033,rs7692181,chr4:64183589,,,4
1034,rs774359,chr9:27551049,C9orf72,C,3
1035,rs776746,chr7:99108475,CYP3A5,T,1
1036,rs7769719,6p21.31,PPARD,,2
1037,rs7784162,chr7:134956426,NUP205,,1
1038,rs7787082,chr7:86994987,ABCB1,A,3
1039,rs7793837,chr7:30693302,CRHR2,,3
1040,rs7799039,chr7:127666019,LEP,,2
1041,rs7805247,chr7:3076585,,C,4
1042,rs787151,chr2:144372306,,G,4
1043,rs7900194,chr10:96692056,CYP2C9,A,2
1044,rs7912161,chr10:87913384,GRID1,A,1
1045,rs7913723,chr10:6391156,,,1
1046,rs7915663,chr10:87904016,GRID1,,1
1047,rs7968722,chr12:83770803,,,1
1048,rs7974925,chr12:116445119,KSR2,A,1
1049,rs7992226,chr13:100595841,NALCN,,4
1050,rs7997012,chr13:46309986,HTR2A,A,2
1051,rs8009082,chr14:50569094,TRIM9,,4
1052,rs8019291,chr14:92000917,SLC24A4,G,4
1053,rs803917,chr9:118507481,ASTN2,,1
1054,rs8042404,chr15:29467308,,A,1
1055,rs8050894,chr16:31012010,VKORC1,C,1
1056,rs8056413,chr16:82640151,,,1
1057,rs8062487,chr16:59031277,,C,1
1058,rs8082305,chr17:27130700,,,4
1059,rs8099917,chr19:44435005,IL28B,G,4
1060,rs8103142,chr19:44426946,IL28B,,4
1061,rs8105790,chr19:44424341,IL28B,,4
1062,rs8116259,chr20:55259575,BMP7,,1
1063,rs8133052,chr21:36429371,RPS9P1,A,3
1064,rs8175347,chr2:234333620,UGT1A10,,1
1065,rs8180115,chr4:4572816,STX18,,1
1066,rs8187710,chr10:101601284,ABCC2,A,1
1067,rs8187817,chr13:98176643,SLC15A1,,2
1068,rs8192709,chr19:46189114,CYP2B6,C,2
1069,rs829417,chr1:21815723,RAP1GAP,C,1
1070,rs833061,chr6:43845464,VEGFA,,2
1071,rs846664,chr7:122422409,TAS2R16,G,2
1072,rs852977,chr5:142667687,NR3C1,A,2
1073,rs854547,chr7:94761792,PPP1R9A,A,3
1074,rs854548,chr7:94763756,PON1,A,3
1075,rs854555,chr7:94768327,PON1,A,3
1076,rs868856,chr9:27479251,MOBKL2B,G,3
1077,rs869191,chr5:149605592,CAMK2A,,1
1078,rs888597,chr11:99367995,CNTN5,,1
1079,rs889299,chr16:23289415,SCNN1B,,3
1080,rs890293,chr1:60165082,CYP2J2,C,0
1081,rs906071,chr5:10162385,,,4
1082,rs909706,chr6:15768850,DTNBP1,T,3
1083,rs921451,chr7:50590779,DDC,,2
1084,rs9282564,chr7:87067376,ABCB1,T,2
1085,rs928302,chr21:42683153,TMPRSS3,C,4
1086,rs928655,chr1:89622162,GBP6,A,3
1087,rs9299075,chr9:8788347,PTPRD,A,1
1088,rs9316233,chr13:46331356,HTR2A,,2
1089,rs9321013,chr6:125372620,IBRDC1,A,4
1090,rs9332131,chr10:96699029,CYP2C9,,2
1091,rs9340799,chr6:152205074,ESR1,A,2
1092,rs9345389,chr6:94497325,,,4
1093,rs9424490,chr1:231088493,,,4
1094,rs9507577,chr13:25261076,ATP8A2,G,1
1095,rs951439,chr1:161300315,RGS4,C,2
1096,rs9533089,chr13:41849012,FABP3P2,,1
1097,rs9533090,chr13:41849449,FABP3P2,,1
1098,rs9554711,chr13:100074885,TMTC4,,4
1099,rs9561778,chr13:94511716,ABCC4,,2
1100,rs9594738,chr13:41850145,FABP3P2,C,1
1101,rs9661599,chr1:238614692,FMN2,,1
1102,rs9662388,chr1:238618846,FMN2,,1
1103,rs9662927,chr1:238605575,FMN2,A,1
1104,rs9730073,chr1:238622658,FMN2,,1
1105,rs975833,chr4:100420762,ADH1A,C,0
1106,rs9788969,chr16:87339751,FAM38A,,1
1107,rs9824246,chr3:73185415,PPP4R2,,4
1108,rs983332,chr1:87904968,LMO4,T,3
1109,rs983579,chr12:33036065,,,4
1110,rs9923231,chr16:31015190,VKORC1,C,2
1111,rs9934438,chr16:31012379,VKORC1,A,2
1112,rs993648,chr2:182164239,CERKL,,3
1113,rs9937,chr11:4116033,RRM1,,1
1114,rs9993410,chr4:9560362,SLC2A9,,1
1115,rs9994266,chr4:9563548,SLC2A9,,1
1116,rs999986,chr14:94873609,,C,4
1117,rs17098707,chr10:121076087,GRK5,,3
1118,rs1800460,chr6:18247207,TPMT,T,1
1119,rs4714261,chr6:39647185,KIF6,C,3
1120,rs1003533,7._5q31.1,LOC441108,C,3
1121,rs10069397,26._5q12.3,FLJ46010,C,3
1122,rs10106137,21._8q21.11,,A,3
1123,rs1036819,1._8q24.22,ZNF406,A,3
1124,rs10435884,100._9q33.1,DBC1,C,3
1125,rs10514211,71._5q14.1,RASGRF2,A,3
1126,rs10521157,8._17p13.1,STX8,A,3
1127,rs1063192,117._9p21.3,CDKN2B,G,3
1128,rs10880908,5._12q13.11,,C,3
1129,rs10901850,96._10q26.13,CTBP2,C,3
1130,rs10924270,9._1q44,,A,3
1131,rs11073328,28._15q14,FAM98B,C,3
1132,rs11250168,27._8p23.1,FDFT1,G,3
1133,rs11615979,116._12q24.33,,C,3
1134,rs11663391,42._18p11.21,SPIRE1,A,3
1135,rs11785060,112._8q24.3,PARP10,C,3
1136,rs11812285,87._10q23.33,,A,3
1137,rs11996075,129._8q22.1,MATN2,C,3
1138,rs12035891,97._1p21.1,,A,3
1139,rs1203981,130._16p13.3,LUC7L,C,3
1140,rs12086247,140._1q23.3,ATF6,A,3
1141,rs12446827,119._16p12.1,,A,3
1142,rs12489747,68._3q26.1,,A,3
1143,rs12585627,141._13q31.1,,A,3
1144,rs12606866,85._18p11.21,C18orf1,A,3
1145,rs12629971,40._3p13,EIF4E3,C,3
1146,rs12654739,53._5q35.2,ATP6V0E,C,3
1147,rs12896790,16._14q21.1,TTC6,G,3
1148,rs1316506,148._14q32.12,CHGA,A,3
1149,rs1322048,37._9p21.2,TEK,T,3
1150,rs1340573,75._13q21.2,,A,3
1151,rs1353005,120._4q12,,G,3
1152,rs1377638,33._2p25.2,,C,3
1153,rs1436013,6._8q12.1,,G,3
1154,rs1442709,78._11p15.1,NAV2,G,3
1155,rs1455311,4._4q21.21,,A,3
1156,rs1456669,47._3q24,,A,3
1157,rs147295,84._5q15,ELL2,C,3
1158,rs1550650,73._18q22.3,,G,3
1159,rs1568282,138._2p24.3,,T,3
1160,rs1579333,65._16q23.1,LDHD,T,3
1161,rs16922827,41._10q21.3,CTNNA3,G,3
1162,rs1709544,106._5p15.33,TPPP,C,3
1163,rs17107115,107._14q21.1,TTC6,A,3
1164,rs17111051,134._5q33.1,SLC6A7,A,3
1165,rs176765,126._6q15,BACH2,C,3
1166,rs17702471,143._13q31.3,GPC6,A,3
1167,rs1810636,43._20p13,,A,3
1168,rs1894605,63._22q12.3,,G,3
1169,rs2003168,92._14q32.33,,G,3
1170,rs2042086,64._2q36.2,,T,3
1171,rs2042831,55._2q37.2,SH3BP4,A,3
1172,rs2043544,82._2p25.3,,T,3
1173,rs2073724,62._6p21.33,POU5F1,C,3
1174,rs2075650,3._19q13.32,APOE/TOMM40,A,3
1175,rs2157719,131._9p21.3,,T,3
1176,rs2188186,74._7q31.33,GRM8,A,3
1177,rs2219078,11._2q12.3,SULT1C3,A,3
1178,rs2247549,76._10q21.3,,A,3
1179,rs231130,118._16p13.12,,C,3
1180,rs2334207,135._16q24.2,,G,3
1181,rs2411759,32._17q21.32,IGF2BP1,C,3
1182,rs2462692,18._10p14,,G,3
1183,rs254487,144._5q11.2,,G,3
1184,rs25673,146._19p13.3,C19orf36,T,3
1185,rs2717536,38._8q21.12,IL7,G,3
1186,rs2738173,108._8p23.1,DEFB1,C,3
1187,rs275490,86._5p15.31,,C,3
1188,rs2764085,139._6p24.3,,C,3
1189,rs278600,147._8q22.1,,T,3
1190,rs2788015,132._1q44,SMYD3,C,3
1191,rs2835342,127._21q22.13,CHAF1B,G,3
1192,rs294636,31._3p24.3,FGD5,T,3
1193,rs2958832,80._8q24.22,,A,3
1194,rs3127162,128._6q25.3,LOC202459,G,3
1195,rs3133926,22._8q23.2,,A,3
1196,rs337656,72._12q22,,T,3
1197,rs361147,121._4q31.3,,,3
1198,rs3763305,124._6p21.32,BTNL2,A,3
1199,rs3785977,149._17p13.1,NTN1,A,3
1200,rs4073968,88._4p14,,T,3
1201,rs4128764,49._13q31.1,,A,3
1202,rs4129933,14._16p13.13,LOC400499,A,3
1203,rs4285687,93._1q41,,A,3
1204,rs4308687,24._8q21.13,ZNF704,A,3
1205,rs4373084,145._3p24.3,,G,3
1206,rs4520070,113._7p14.1,,G,3
1207,rs4668356,46._2q31.1,GORASP2,C,3
1208,rs4705038,44._5q32,STK32A,A,3
1209,rs4705423,111._5q32,,G,3
1210,rs4722094,94._7p15.3,,C,3
1211,rs4775671,99._15q21.1,,A,3
1212,rs4780054,25._15q13.1,,C,3
1213,rs4802234,89._19q13.31,CEACAM16,G,3
1214,rs4815617,15._20p13,VISA,C,3
1215,rs4871976,110._8p21.3,PHYHIP,A,3
1216,rs4874147,52._8q24.3,ZC3H3,A,3
1217,rs4916176,20._1q44,,A,3
1218,rs4968363,102._17q22,,,3
1219,rs4977756,81._9p21.3,,A,3
1220,rs508001,10._10q24.2,CRTAC1,A,3
1221,rs512577,45._11q24.2,FLJ21103,T,3
1222,rs579327,17._2q37.1,DKFZp,T,3
1223,rs590218,56._18q23,,A,3
1224,rs6128112,77._20q13.31,,C,3
1225,rs651922,90._11q24.2,DCPS,A,3
1226,rs6519442,59._22q11.23,LOC388882,T,3
1227,rs6532059,30._4q22.1,,C,3
1228,rs6713620,122._2p15,,C,3
1229,rs6770065,58._3p24.3,,A,3
1230,rs6770257,36._3p22.3,,C,3
1231,rs6801173,69._3p13,GPR27,C,3
1232,rs6807885,150._3p24.3,,C,3
1233,rs6811874,61._4p15.33,,A,3
1234,rs6812745,136._4p16.1,SORCS2,A,3
1235,rs6817112,70._4q31.3,,C,3
1236,rs6856902,35._4q32.2,,A,3
1237,rs7199196,51._16q12.2,,C,3
1238,rs7201268,48._16p12.1,,A,3
1239,rs7504165,60._18p11.31,,C,3
1240,rs7581699,83._2q37.3,,G,3
1241,rs7762152,101._6p21.1,GUCA1A,A,3
1242,rs7825208,133._8p12,FGFR1,A,3
1243,rs7907713,50._10q25.1,SORCS1,A,3
1244,rs792376,39._17q22,MSI2,G,3
1245,rs7930940,12._11q12.2,MGC35295,A,3
1246,rs795659,104._13q21.1,,C,3
1247,rs7965602,34._12q24.22,KSR2,C,3
1248,rs7988257,29._13q31.3,GPC5,A,3
1249,rs806606,19._6q14.3,,C,3
1250,rs8079482,109._17p11.2,,A,3
1251,rs8083511,91._18q21.33,TNFRSF11A,A,3
1252,rs8091406,103._18q21.1,,A,3
1253,rs8093550,13._18q22.1,,C,3
1254,rs829751,98._9p21.3,,A,3
1255,rs871840,142._1q44,,C,3
1256,rs903901,57._1p36.32,MORN1,A,3
1257,rs911475,114._6q21,ARMC2,C,3
1258,rs923520,95._5q35.2,,C,3
1259,rs924114,125._2p21,,C,3
1260,rs9307389,123._4q26,ANK2,A,3
1261,rs936909,54._7p22.2,,A,3
1262,rs9529500,105._13q21.33,,C,3
1263,rs9576827,2._13q13.3,LHFP,A,3
1264,rs966866,137._3q23,CLSTN2,C,3
1265,rs9696357,23._9q22.31,SUSD3,C,3
1266,rs9899404,67._17q21.32,GIP,C,3
1267,rs997675,66._9p21.2,,A,3
1268,rs9986786,115._7p14.1,POU6F2,C,3
1269,rs9989823,79._2q35,,C,3
1270,rs1040566,chr20,PEPCK,C,0
1271,rs7987675,chr13,GPC5 ,C,2
1272,rs211302,10p11.22,KIF5B,,3
1273,rs13376333 ,1,KCNN3,T,4
1274,rs1052133,3p25.3,OGG1,,0
1275,rs1053049,6p21.31,PPARD,T,0
1276,rs1143634,2q13,IL1B,G,3
1277,rs11549465,14q23.2,HIF1A,T,2
1278,rs12713559,2p24.1,APOB,A,0
1279,rs12722,9q34.3,COL5A1,,1
1280,rs13946,9q34.3,COL5A1,,2
1281,rs143383,20q11.22,GDF5,G,2
1282,rs16139,7p15.3,NPY,T,3
1283,rs17602729,1p13.1,AMPD1,G,3
1284,rs1799722,14q32.2,BDKRB2,C,3
1285,rs1799983,7q36.1,NOS3,,0
1286,rs1800795,7p15.3,IL6,G,3
1287,rs1801279,8p22,NAT2,A,0
1288,rs1804160,chr20,PEPCK,A,0
1289,rs1805086,chr2,MSTN,,2
1290,rs1815739,11q13.2,ACTN3,C,2
1291,rs2070744,7q36.1,NOS3,,2
1292,rs2179706,chr20,PEPCK,C,0
1293,rs2267668,6p21.31,PPARD,A,3
1294,rs2402970,7q32.2,NRF1,C,1
1295,rs3196378,9q34.3,COL5A1,,1
1296,rs35767,12q23.2,IGF1,A,2
1297,rs380092,2q13,IL1RN,A,0
1298,rs4253778,22q13.31,PPARA,,2
1299,rs2253206 ,2q33.3,CREB1,A,3
1300,rs1803285,19q13.32,CKMM,,3
1301,rs5070,11q23.3,APOA1,A,3
1302,rs5742904,2p24.1,APOB,C,0
1303,rs591058,11q22.2,MMP3,T,2
1304,rs6070157,chr20,PEPCK,C,0
1305,rs650108,11q22.2,MMP3,G,2
1306,rs679620,11q22.2,MMP3,T,2
1307,rs6902123,6p21.31,PPARD,,0
1308,rs6949152,7q32.2,NRF1,A,1
1309,rs7260463,chr19,CKMM,G,0
1310,rs8097348,18p11.32,C18orf2,,4
1311,rs8192678,4p15.2,PPARG,C,2
1312,rs8192708,chr20,PEPCK,A,0
1313,rs2234694,21q22.11,SOD1,,0
1314,rs17099207,14q23.2,HIF1A,,3
1315,i4000462,22q12.1,CHEK2,I,3
1316,i4000377,17q21.31,BRCA1,I,0
1317,i4000378,17q21.31,BRCA1,I,0
1318,i4000379,13q13.1,BRCA2,I,0
1319, rs1799752,17q23.3,ACE,D,2
1320, rs1815739,11q13.2,ACTN3,T,2
1321,rs12722,9q34.3,COL5A1,,3
1322,rs12621278,2,ITGA6,G,4
1323,rs17021918,4,PDLIM5,T,4
1324,rs2664170,X,GAB3,A,5
1325,rs3746722,20,SIRPG,,5
1326,rs3788013,21,UBASH3A,C,4
1327,rs425105,19q13,,C,5
1328,rs5753037,22q12,,C,5
1329,rs1885088,20,HNF4A ,A,2
1330,rs745975,20,HNF4A ,T,2
1331,rs5029937,6q23.3,TNFAIP3,,5
1332,rs2300747,1,CD58,,5
1333,rs929230,11,CD6,G,5
1334,rs2041670,16,CLEC16A,A,5
1335,rs11117432,16,IRF8,A,5
1336,rs1800693,12,TNFRSF1A,T,5
1337,rs9851967,3q28,,T,4
1338,rs1569723,20q13.12,CD40,C,4
1339,rs13031237,2p16.1,REL,G,4
1340,rs10871777,18q21.32,MC4R,A,4
